{"test_size": 2315, "time": 2911.2953400611877, "average_steps": 3.676457883369329, "failures": 0, "failure_list": []}